1,Joseph,Zaniolini,jzaniolini0@simplemachines.org,Male,163.168.68.132,Pedro Leopoldo
2,Freida,Drillingcourt,fdrillingcourt1@umich.edu,Female,97.212.102.79,Buri
3,Nanni,Herity,nherity2@statcounter.com,Female,145.151.178.98,Claver
4,Orazio,Frayling,ofrayling3@economist.com,Male,25.199.143.143,Kungur
5,Julianne,Murrison,jmurrison4@cbslocal.com,Female,10.186.243.144,Sainte-Luce-sur-Loire
6,Lucy,Gamet,lgamet5@list-manage.com,Female,10.151.93.36,Pak Phli
7,Dyana,Howatt,dhowatt6@amazon.com,Female,224.169.61.29,Palmares
8,Kassey,Herion,kherion7@amazon.com,Female,245.51.154.79,ZÃ¡kynthos
9,Chrissy,Hedworth,chedworth8@china.com.cn,Male,124.222.93.57,Boevange-sur-Attert
1,2,3
4,5,6
